<?xml version="1.0" encoding="UTF-8"?>
<project-private xmlns="http://www.netbeans.org/ns/project-private/1">
    <editor-bookmarks xmlns="http://www.netbeans.org/ns/editor-bookmarks/2" lastBookmarkId="0"/>
    <open-files xmlns="http://www.netbeans.org/ns/projectui-open-files/2">
        <group>
            <file>file:/C:/Users/adryh/Documents/GitHub/PECL_Prog_Av/PracticaAvanzada/src/practicaavanzada/Paciente.java</file>
            <file>file:/C:/Users/adryh/Documents/GitHub/PECL_Prog_Av/PracticaAvanzada/src/practicaavanzada/ServidorSockets.java</file>
            <file>file:/C:/Users/adryh/Documents/GitHub/PECL_Prog_Av/PracticaAvanzada/src/interfaz/interfazCliente.java</file>
            <file>file:/C:/Users/adryh/Documents/GitHub/PECL_Prog_Av/PracticaAvanzada/src/interfaz/MenuPrincipal.java</file>
            <file>file:/C:/Users/adryh/Documents/GitHub/PECL_Prog_Av/PracticaAvanzada/src/practicaavanzada/Hospital.java</file>
            <file>file:/C:/Users/adryh/Documents/GitHub/PECL_Prog_Av/PracticaAvanzada/src/cliente/Interfaz1.java</file>
            <file>file:/C:/Users/adryh/Documents/GitHub/PECL_Prog_Av/PracticaAvanzada/src/interfaz/SalaObservacion.java</file>
            <file>file:/C:/Users/adryh/Documents/GitHub/PECL_Prog_Av/PracticaAvanzada/src/practicaavanzada/Sanitario.java</file>
            <file>file:/C:/Users/adryh/Documents/GitHub/PECL_Prog_Av/PracticaAvanzada/src/interfaz/SalaVacunacion.java</file>
            <file>file:/C:/Users/adryh/Documents/GitHub/PECL_Prog_Av/PracticaAvanzada/src/interfaz/SalaDescanso.java</file>
            <file>file:/C:/Users/adryh/Documents/GitHub/PECL_Prog_Av/PracticaAvanzada/src/cliente/Cliente.java</file>
            <file>file:/C:/Users/adryh/Documents/GitHub/PECL_Prog_Av/PracticaAvanzada/src/practicaavanzada/Auxiliar.java</file>
            <file>file:/C:/Users/adryh/Documents/GitHub/PECL_Prog_Av/PracticaAvanzada/src/practicaavanzada/PuestoObservacion.java</file>
            <file>file:/C:/Users/adryh/Documents/GitHub/PECL_Prog_Av/PracticaAvanzada/src/interfaz/Recepcion.java</file>
            <file>file:/C:/Users/adryh/Documents/GitHub/PECL_Prog_Av/PracticaAvanzada/src/practicaavanzada/PuestoVacunacion.java</file>
        </group>
    </open-files>
</project-private>
